0111161	9.3	2026276
0468569	9.0	1994094
1375666	8.8	1773847
0137523	8.8	1621347
0110912	8.9	1582047
0109830	8.8	1545672
0120737	8.8	1459058
0133093	8.7	1454071
0167260	8.9	1442469
0068646	9.2	1388998
1345836	8.4	1346485
0167261	8.7	1304051
0114369	8.6	1239437
0816692	8.6	1236192
0172495	8.5	1171626
1853728	8.4	1168314
0372784	8.3	1157880
0848228	8.1	1136671
0102926	8.6	1088588
0076759	8.6	1087492
0361748	8.3	1080292
0120815	8.6	1068995
0108052	8.9	1047386
0407887	8.5	1041477
0482571	8.5	1030098
0080684	8.8	1017435
0499549	7.8	1012871
0209144	8.5	1003953
0993846	8.2	992962
0120689	8.5	971925
1130884	8.1	969337
0169547	8.4	965117
0071562	9.0	962256
0325980	8.0	942577
0434409	8.2	929555
0120586	8.5	923640
0120338	7.8	923280
0088763	8.5	898988
2015381	8.1	892183
0110413	8.6	889885
0114814	8.6	879286
0103064	8.5	878745
0266697	8.1	876140
0910970	8.4	875634
0099685	8.7	873697
0112573	8.4	869712
0266543	8.1	839846
0086190	8.3	834690
0167404	8.1	822354
0371746	7.9	821714
1049413	8.3	815291
0120382	8.1	809787
0073486	8.7	805014
0110357	8.5	801379
0338013	8.3	799259
0105236	8.3	796604
0082971	8.5	784746
1431045	8.0	780825
1392170	7.2	780362
0114709	8.3	763197
2488496	8.0	762381
0107290	8.1	757265
0081505	8.4	751536
1392190	8.1	749293
0268978	8.2	746532
0477348	8.1	742356
0119217	8.3	741378
2267998	8.1	731272
1010048	8.0	729465
0198781	8.1	713744
0088247	8.0	707979
0401792	8.0	707593
0903624	7.9	706959
0208092	8.3	700195
0095016	8.2	698369
0078748	8.5	690925
0264464	8.1	687314
1454468	7.7	685680
0246578	8.1	681901
0180093	8.3	680702
0416449	7.7	677794
1201607	8.1	668646
0066921	8.3	667429
1300854	7.2	658762
0435761	8.3	658674
1205489	8.1	654061
1119646	7.7	653997
3659388	8.0	647700
0800369	7.0	646846
1675434	8.5	646735
0086250	8.3	643346
0118715	8.1	641502
0120915	6.5	634726
0211915	8.3	634430
0947798	8.0	631029
0770828	7.1	629027
0458339	6.9	625942
1843866	7.8	625914
0317248	8.6	625795
1228705	7.0	623465
0145487	7.3	622652
0121766	7.6	620647
0480249	7.2	617443
0253474	8.5	616584
2395427	7.4	616496
0075314	8.3	615626
0097576	8.3	613720
2278388	8.1	611196
0083658	8.2	608485
1045658	7.7	606860
1877832	8.0	601425
0060196	8.9	601085
0383574	7.3	599150
2084970	8.0	595627
0378194	8.0	594436
1270798	7.7	592723
1136608	7.9	592683
0093058	8.3	589255
1663202	8.0	587669
0892769	8.1	586864
2582802	8.5	584382
0090605	8.4	583787
1074638	7.8	581039
1504320	8.0	578448
0317705	8.0	576891
0117951	8.2	574351
0440963	8.0	572432
0405159	8.1	571758
0050083	8.9	569351
1951264	7.5	562809
0418279	7.1	559714
2024544	8.1	557990
0382932	8.0	557007
0121765	6.6	556537
0457430	8.2	556315
1285016	7.7	555882
2975590	6.5	554252
1170358	7.8	553306
0796366	8.0	549946
0241527	7.6	548607
0116282	8.1	545525
0449088	7.1	543604
0126029	7.9	542471
0816711	7.0	538613
4154756	8.5	538571
1670345	7.3	538078
0988045	7.6	537449
3498820	7.8	535753
0245429	8.6	534041
0078788	8.5	531211
0114746	8.0	530822
0118799	8.6	530679
0936501	7.8	529853
1631867	7.9	528783
1446714	7.0	528502
0381061	8.0	527910
1637725	6.9	527333
2802144	7.7	526525
0107048	8.0	526303
0421715	7.8	525763
0062622	8.3	523681
3315342	8.1	523398
1024648	7.7	522889
0369610	7.0	521441
0120903	7.4	521306
0454876	7.9	517714
0054215	8.5	517709
0948470	7.0	512171
0758758	8.1	511703
2096673	8.2	510186
1981115	7.0	510082
0113277	8.2	509970
0780504	7.8	507460
1392214	8.1	506141
1386697	6.1	505803
2294629	7.5	499716
2562232	7.7	498806
0073195	8.0	495792
1276104	7.4	488952
1250777	7.6	487479
0316654	7.3	484382
0116629	7.0	484381
2543164	7.9	483441
0120735	8.2	481653
0119488	8.3	481395
1219289	7.4	479809
0295297	7.4	473653
0829482	7.6	472397
0330373	7.7	469636
0304141	7.9	469587
0290334	7.5	467958
0234215	7.2	467957
1232829	7.2	466649
0258463	7.9	465380
1211837	7.5	464058
1318514	7.6	464011
0240772	7.8	463472
0119654	7.3	462445
0034583	8.5	461879
0478970	7.3	461304
0332280	7.9	459813
0162222	7.8	459605
0181689	7.7	458379
0467406	7.5	457772
0075148	8.1	457639
0365748	7.9	456892
0450259	8.0	453103
3748528	7.8	452604
0120363	7.9	452557
0451279	7.5	451750
0343818	7.1	451260
1323594	7.7	450436
0469494	8.1	450210
0071853	8.3	447707
1798709	8.0	447673
0413300	6.2	446699
1156398	7.7	445116
1483013	7.0	442367
0409459	7.6	442345
0364569	8.4	442219
0945513	7.5	441219
0332452	7.2	439878
0376994	6.7	439789
1408101	7.7	439586
1298650	6.6	435765
1663662	6.9	435247
0373889	7.5	435212
5013056	7.9	433233
0095953	8.0	431880
1022603	7.7	431140
2527336	7.2	431133
3896198	7.7	427995
1570728	7.4	427872
2310332	7.4	425998
1825683	7.4	424332
0458525	6.6	423850
1411697	6.5	422823
1343092	7.3	421086
0144084	7.6	418178
1229238	7.4	417263
0206634	7.9	417184
0425112	7.9	413542
1659337	8.0	412938
3460252	7.8	411960
0289879	7.7	410580
3501632	7.9	410260
0096874	7.8	409604
1800241	7.3	408535
2911666	7.3	407908
0926084	7.7	407584
3783958	8.0	407201
0242653	6.7	406135
0099487	7.9	405780
0470752	7.7	405062
0356910	6.5	404672
0057012	8.4	404066
0112641	8.2	401956
0449059	7.8	400743
0417741	7.6	400333
0448157	6.4	399955
0372183	7.8	399190
0375679	7.8	394966
0454921	8.0	394664
1291584	8.2	394513
0119116	7.7	392321
1499658	6.9	391590
0790636	8.0	390890
1840309	6.7	390800
0087469	7.6	390764
2872732	6.4	390678
2179136	7.3	389530
1430132	6.7	388921
0099785	7.5	387802
2872718	7.9	387293
1535108	6.6	386492
0268380	7.5	386297
0047396	8.5	385293
1515091	7.5	385107
1099212	5.2	384561
0319061	8.0	383612
0887912	7.6	383006
0800080	6.8	382898
1454029	8.1	381805
1979320	8.1	381785
2103281	7.6	381214
0367882	6.2	381169
0327056	8.0	380447
1457767	7.5	379928
1568346	7.8	378898
0407304	6.5	378448
0101414	8.0	378248
1535109	7.8	377794
0367594	6.7	377402
1872181	6.6	376744
1790864	6.8	376320
0443706	7.7	376151
0319262	6.4	375848
2250912	7.5	374910
0314331	7.6	371425
0830515	6.6	369959
2713180	7.6	369759
0298148	7.2	367422
1951265	6.7	367188
0441773	7.6	366727
0335266	7.8	365796
0337978	7.1	365373
0382625	6.6	363346
1723121	7.0	362679
2948356	8.0	362650
0217505	7.5	362541
0120591	6.7	361701
0325710	7.7	361531
1399103	6.3	359215
0765429	7.8	358944
0360717	7.2	358411
0120616	7.0	358299
1055369	6.0	357612
0362227	7.3	355271
0033467	8.4	353717
0780536	7.9	353503
0405422	7.1	353444
2245084	7.8	352765
1245492	6.6	352755
0398286	7.8	352477
0097165	8.1	352459
1014759	6.5	349854
0117060	7.1	349784
5052448	7.7	349101
1856101	8.0	348876
0139654	7.7	348222
1605783	7.7	347999
0093779	8.1	347990
0163651	7.0	345808
1895587	8.1	345342
2980516	7.7	344947
0942385	7.0	344933
0099088	7.4	344802
2119532	8.1	344476
0387564	7.6	344405
1060277	7.0	344133
0091763	8.1	343005
2379713	6.8	342817
0032138	8.0	342752
0181852	6.3	342251
0038650	8.6	341666
1905041	7.1	339875
1637688	6.7	339682
0831387	6.4	339071
3183660	7.3	338628
0289043	7.6	338574
0315327	6.7	337966
0093773	7.8	337213
3890160	7.6	336991
3385516	7.0	336887
1690953	7.4	334185
0493464	6.7	333740
0112864	7.6	333506
0119567	6.5	332919
0443543	7.6	332118
0265086	7.7	331319
0105695	8.2	331160
0363771	6.9	330425
0458352	6.9	329349
0369339	7.5	329120
1259521	7.0	328634
0446029	7.5	327929
0083866	7.9	327668
2820852	7.2	327564
0443453	7.3	326813
0086879	8.3	326615
0478311	7.0	325988
1217209	7.1	325941
1772341	7.7	325197
0092005	8.1	325055
0079470	8.1	324292
0349903	6.5	324231
1396484	7.4	323795
0070047	8.0	323125
0361862	7.7	322807
1596343	7.3	322740
0109686	7.3	322354
1282140	7.1	321309
1371111	7.5	320675
0084787	8.1	320344
1190080	5.8	320281
1210166	7.6	318881
0099674	7.6	318875
0119094	7.3	318631
0351283	6.9	318196
1542344	7.6	316228
0408236	7.4	316203
0317740	7.0	316168
0840361	7.6	315682
1650062	7.0	315629
0317219	7.1	315313
0087332	7.8	314984
0438488	6.6	314657
5463162	7.8	313714
3397884	7.6	313708
0405094	8.4	312690
0232500	6.8	312289
2294449	7.0	310300
0217869	7.3	310131
1632708	6.6	309760
1065073	7.9	309681
0964517	7.8	309577
0052357	8.3	309274
0103639	8.0	309096
0088847	7.9	308962
0396269	7.0	308348
0230600	7.6	307193
0454848	7.6	307190
0395169	8.1	306847
0286106	6.7	306617
0119174	7.8	306396
0110475	6.9	305806
0096895	7.5	305405
0099423	7.1	305120
2582846	7.7	304716
1182345	7.9	304708
1068680	6.8	304239
0120912	6.1	302756
1320253	6.5	301908
0357413	7.2	301656
5027774	8.2	300716
0338751	7.5	300690
0328107	7.7	300635
0162661	7.4	299993
1409024	6.8	299899
2381249	7.4	299492
4972582	7.3	298874
1231583	6.6	298543
0317919	6.9	298146
0974015	6.5	298055
0343660	6.8	297542
0363163	8.2	296301
1193138	7.4	296192
1306980	7.7	296187
1907668	7.3	296028
1587310	7.0	295803
3170832	8.2	295217
0118971	7.5	294970
0111257	7.2	294937
1355644	7.0	293286
1596363	7.8	292917
0388795	7.7	292735
1490017	7.8	292299
0377092	7.0	292160
0120667	5.7	291766
0298130	7.1	291576
0496806	6.9	291126
0238380	7.5	290860
1104001	6.8	290742
0455944	7.2	288520
0212338	7.0	288033
0213149	6.1	287406
1187043	8.4	287355
0117500	7.4	287341
0910936	7.0	286457
0822854	7.2	285980
0462538	7.3	285979
0425210	7.8	285002
0399201	6.9	284677
1748122	7.8	283767
0120601	7.8	283565
0166924	8.0	283444
0119698	8.4	283148
0120755	6.1	282907
1453405	7.3	281977
0091042	7.8	281681
0887883	7.0	280646
0368891	6.9	280449
2788710	6.6	280374
0081398	8.2	279681
0433035	7.1	279569
1707386	7.6	278777
0970179	7.5	278700
0209163	6.3	277738
0167190	6.9	277659
0477347	6.4	277594
0077416	8.1	277335
0389860	6.4	277324
0790724	7.0	277173
2109248	5.7	277045
1403865	7.6	276065
0047478	8.7	274406
1125849	7.9	273892
0119396	7.5	273834
0399295	7.6	273041
1764651	6.6	272644
0944835	6.4	272618
0386588	6.6	272268
0347149	8.2	272182
0100802	7.5	271927
2322441	4.1	271365
0453467	7.1	270489
0360486	7.0	270182
0129387	7.1	270054
0359950	7.3	269923
5580390	7.4	269903
0212720	7.1	269459
0110148	7.6	268807
0449467	7.5	268731
0087843	8.4	267795
1397280	6.3	267487
0489099	6.1	267254
1245526	7.1	266550
0472043	7.8	265785
0175880	8.0	265450
0120663	7.4	265310
0379786	7.9	265190
0381849	7.7	264585
0293662	6.8	264280
1041829	6.7	264242
0056592	8.3	263900
1037705	6.9	263569
0053125	8.3	263508
0163025	5.9	263178
1194173	6.7	263154
0064116	8.5	262673
0814314	7.6	262598
1951261	5.8	262440
1646971	7.8	261961
0107688	8.0	261864
0147800	7.3	261721
0113497	6.9	260678
0878804	7.7	259243
2004420	6.3	258923
0071315	8.2	258595
0190590	7.8	257721
0348150	6.1	257349
0031381	8.2	257215
1253863	6.2	256494
1152836	7.0	256473
0117571	7.2	255389
0884328	7.2	254691
0092099	6.9	254667
1735898	6.1	254312
3682448	7.6	253814
0119177	7.8	253771
0116367	7.3	252806
0119528	6.9	252571
4425200	7.5	251777
0118880	6.8	251646
0800320	5.8	251493
0104431	6.7	251406
0100405	7.0	251056
0119008	7.8	250804
2194499	7.8	250723
1179933	7.2	250442
0473075	6.6	249112
1981677	7.2	249004
0094226	7.9	248924
0119822	7.7	248683
0278504	7.2	248599
1677720	7.5	248491
0109040	6.9	248380
0103644	6.4	248286
0203009	7.6	247588
1133985	5.5	247515
0120201	7.2	246758
0808151	6.7	246420
0103776	7.0	246415
0413267	6.1	246257
1197624	7.4	245812
1591095	6.8	245739
0320661	7.2	245393
1645170	6.4	244677
1478338	6.8	244636
1790885	7.4	244535
1259571	4.7	243320
0800039	7.2	243020
0120623	7.2	241577
2380307	8.4	241273
0187078	6.5	241222
1091191	7.5	240462
0838283	6.9	240331
0265666	7.6	240275
1951266	6.6	240066
0106977	7.8	239643
0112384	7.6	239168
6644200	7.6	238226
1028528	7.0	237848
0332379	7.1	237764
0120669	7.7	237760
0450385	6.8	237413
0463854	7.0	237292
0125439	7.1	236848
0190332	7.9	236245
1013752	6.6	236157
0955308	6.7	235137
0486655	7.7	235132
0320691	7.0	235072
0286716	5.7	234892
0401729	6.6	234639
0056172	8.3	234404
0486576	5.6	234267
0290002	6.3	233778
0411477	7.0	233659
3040964	7.4	233475
0061722	8.0	233227
1638355	7.3	233148
1650554	6.6	232362
0187393	7.2	232285
0075686	8.0	232120
0183649	7.1	232103
0212985	6.8	232077
0258000	6.8	231902
0429493	6.8	231613
2106476	8.3	231120
1401152	6.9	231104
0181875	7.9	230820
2302755	6.5	230335
0118884	7.4	230319
1343727	7.1	230186
0112471	8.1	230168
0259711	6.9	229933
2024469	7.0	229217
0096283	8.2	228565
3799694	7.4	228098
1706620	7.1	228036
0452623	7.7	227632
1340138	6.4	227629
0438097	6.8	227175
0289765	7.2	226956
0120804	6.7	226876
0196229	6.6	226443
1706593	7.1	225781
1213663	7.0	225770
0105323	8.0	225487
1601913	6.8	224883
1077368	6.2	224492
0414387	7.8	224464
1386703	6.3	224461
0322259	5.9	224456
0094721	7.5	224430
0257044	7.7	224276
0338526	6.1	224160
0443272	7.4	224143
1959490	5.8	223748
0497465	7.1	223360
2771200	7.2	223179
1385826	7.1	223163
2140479	7.4	222797
0783233	7.8	222470
1440129	5.8	222423
0151804	7.8	222333
0298203	7.1	222075
3731562	6.7	221279
1817273	7.3	220958
0252866	6.4	220918
1033575	7.3	220847
0368447	6.5	220637
0120611	7.1	220238
2283362	7.0	219954
0221027	7.6	219949
1302011	7.2	219639
0824747	7.8	219526
0803096	6.9	219276
0215750	7.6	218782
0113189	7.2	218750
0121164	7.4	218523
1931533	7.2	217961
2397535	7.5	217857
0479884	7.0	217697
0116695	7.3	217250
0363547	7.3	216497
1032755	7.3	215951
1386588	6.7	215932
1092026	7.0	215911
0448134	7.3	215644
0118749	7.9	215347
0112462	5.4	215181
0093409	7.6	215175
0978764	6.1	215140
0111503	7.2	214735
0099348	8.0	214719
2316204	6.4	214511
1028532	8.1	214388
0396171	7.5	214381
0120812	7.0	214363
0144117	7.8	214165
1464540	6.1	214152
0072890	8.0	213844
0976051	7.6	213661
1790809	6.6	213632
0432348	6.6	213539
1655442	7.9	213452
0118688	3.7	213197
0120762	7.6	213192
0107614	7.0	213095
0053291	8.2	213073
0414993	7.3	213067
0070735	8.3	212721
0185937	6.4	212589
2229499	6.6	212551
0463985	6.0	212461
4649466	6.8	212245
0457939	6.9	212088
0134847	7.1	211076
4975722	7.4	210683
0089218	7.8	210636
1192628	7.2	210413
0175142	6.2	210406
0765443	7.7	210382
1212450	7.3	210063
0478087	6.8	209941
0093870	7.6	209647
1673434	5.5	209606
0120660	7.3	209574
3521164	7.6	209381
0104257	7.7	209318
0825232	7.4	209286
0315733	7.7	209243
0985699	7.1	209160
3076658	7.6	208906
3079380	7.0	208873
0430922	6.9	208833
0364725	6.7	208753
1823672	6.8	208569
0102057	6.7	208379
0358273	7.9	208099
1855199	7.6	207137
1731141	6.6	207135
0399146	7.5	207052
1211956	6.7	206544
1325004	5.0	206398
0183505	6.6	205916
0195714	6.7	205737
0448011	6.2	205416
1375670	6.0	205397
1588173	6.9	205383
0118583	6.2	205139
1124035	7.1	205083
0097757	7.6	205069
0259324	5.2	204925
1179904	6.3	204706
1210819	6.4	204699
0309698	7.3	204639
0420223	7.6	204129
0486822	6.9	204099
0427944	7.6	203964
3110958	6.5	203393
1324999	4.9	203375
2277860	7.3	203371
0163978	6.6	203214
2660888	7.1	202878
0083987	8.1	202836
0245712	8.1	202705
0082096	8.4	202637
0898367	7.3	202545
0118655	7.0	202315
1234721	6.2	202138
0107818	7.7	201913
1243957	6.0	201907
0077631	7.2	201856
0465234	6.5	201792
1001526	7.3	201667
4034228	7.8	201659
0172156	6.6	201614
0381681	8.1	201175
0296572	6.7	201171
0112442	6.8	200839
0302886	7.1	200631
0243155	6.7	200535
2209764	6.3	200328
0057115	8.2	199750
0145660	6.6	199689
0333766	7.5	199586
0384537	6.6	199006
0373469	7.6	198922
0133152	5.7	198596
0077651	7.8	198444
0837562	7.1	198444
0983193	7.3	198393
0109445	7.8	198265
1598778	6.6	198102
0462499	7.0	197838
0059578	8.3	197798
0335345	7.2	197289
0138097	7.1	197278
0083944	7.7	196844
0299658	7.2	196701
1080016	7.0	196299
0052618	8.1	196136
1564367	6.4	195943
0110632	7.3	195733
0120655	7.3	195636
0758774	7.1	195437
0408306	7.6	195226
0080678	8.2	195212
1424381	6.4	195138
0287978	5.3	194370
1132620	7.8	194070
1798684	7.4	193578
0095765	8.5	193338
2908446	6.2	193249
0108550	7.8	193226
4046784	6.3	193202
1411238	6.2	192961
1220719	8.0	192809
1189340	7.3	192737
4550098	7.5	192704
1922777	6.8	192466
0116996	6.3	192451
0409847	6.0	192369
1321870	6.7	192227
1139797	7.9	191933
0485947	7.9	191059
0117509	6.8	190678
0119643	7.2	190386
3263904	7.5	190005
3450958	7.5	189876
1623205	6.3	189709
0045152	8.3	189494
1291150	5.8	189479
1832382	8.3	189093
1046173	5.8	188933
1605630	6.7	188765
0431308	7.1	188638
0308644	7.7	188534
0305224	6.2	188207
1599348	6.8	187908
0246460	6.1	187775
0416320	7.6	187571
2798920	6.9	187477
2334879	6.4	187406
0265208	6.7	187298
1436562	6.9	187198
0376541	7.3	186810
0095327	8.5	186706
0425061	6.5	186393
2381941	6.6	186381
0311113	7.4	186379
2293640	6.4	186038
0123755	7.3	185936
1142988	6.5	185579
0080339	7.8	185373
2126355	6.1	185224
0251127	6.4	185076
1077258	7.1	185073
2361509	7.1	184897
0479143	7.2	184634
1606378	5.3	184483
0281358	7.4	184359
0795421	6.4	184351
0452608	6.4	184293
0108399	7.9	184278
4196776	6.6	183821
0181865	7.6	183729
4912910	7.9	183590
1980209	6.4	183371
0112281	6.3	183034
3065204	7.4	182763
1155056	7.0	182699
0027977	8.5	182524
0064115	8.1	182369
0106519	7.9	181919
0187738	6.7	181910
0481369	6.4	181791
0146316	5.8	181553
0949731	5.0	181551
0050212	8.2	181370
0266915	6.6	181193
0339291	6.8	181165
0142342	6.4	181055
4881806	6.2	180674
0210945	7.8	180566
0374900	6.9	180444
0435625	7.2	180382
0295178	6.2	180102
0844471	7.0	180082
0319343	6.9	180050
0087800	7.5	179766
3778644	7.0	179574
0356150	6.6	179560
0985694	6.6	179523
1289401	5.3	179340
1428538	6.1	179268
0328828	6.3	179106
0158983	7.8	178864
1272878	6.7	178114
1815862	4.8	177981
1284575	5.6	177618
2184339	5.7	177163
0401855	6.7	176887
0207201	6.4	176804
2234155	6.3	176644
0116483	7.0	176498
0130827	7.7	176381
2719848	7.1	176023
0388482	6.3	175974
4160708	7.1	175918
0479952	6.7	175731
2334873	7.3	175567
0119282	7.3	175247
0120855	7.3	174966
0059742	8.0	174803
0327597	7.7	174474
1636826	6.7	174461
0371724	6.8	174427
0118929	7.7	174407
0099653	7.0	174382
0993842	6.8	174376
1127180	6.6	174281
0170016	6.1	173900
0960144	5.5	173820
0032553	8.5	173764
0094737	7.3	173641
3235888	6.9	173620
0959337	7.3	173490
0128853	6.6	173463
0499448	6.5	173438
0058461	8.0	173149
0481499	7.2	172921
0043014	8.4	172912
0079501	7.0	172789
0143145	6.4	172663
0098635	7.6	172573
1649419	7.6	172260
0117665	7.6	171973
0318627	6.2	171943
1485796	7.7	171865
1899353	7.6	171623
0088846	8.0	171594
1340800	7.1	171458
0432283	7.8	171241
0087363	7.2	171101
1148204	7.0	170914
4630562	6.7	170695
3741834	8.1	170004
1270797	6.9	169888
0432021	6.3	169864
0366551	7.1	169605
1606389	6.8	169429
1667889	6.6	169429
0397892	6.9	169372
0477080	6.8	169243
1111422	6.4	169175
1646987	5.7	169006
0370263	5.6	169005
0103874	7.5	168861
2883512	7.3	168786
5442430	6.6	168654
0092890	6.9	168455
1723811	7.2	167967
1305806	8.2	167536
0462322	7.6	167484
0120685	5.3	167305
0244244	6.5	166978
0375063	7.5	166816
1013743	6.3	166683
0363988	6.6	166267
1120985	7.4	165906
3402236	6.5	165762
1219827	6.4	165641
0241303	7.3	165611
2053463	7.1	165600
0079817	7.2	165593
0083907	7.5	165534
1217613	5.8	165169
0120347	6.5	165123
0139134	6.8	164996
0063522	8.0	164932
0272152	7.4	164931
3464902	7.1	164763
0488120	7.2	164742
1596350	6.3	164732
2582782	7.6	164702
0385752	6.1	164557
1059786	6.6	164494
0096438	7.7	164310
0352248	8.0	163859
0200465	7.3	163836
0118571	6.5	163831
5095030	7.2	163797
1458175	7.4	163761
0758752	6.7	163609
0080455	7.9	163431
0974661	6.4	163347
0299977	7.9	163318
1583421	5.8	163282
0075860	7.7	163170
0914798	7.8	163149
0212346	6.2	163112
2321549	6.8	163093
4776998	6.1	163069
0489270	6.2	162920
0097428	6.5	162846
1007028	6.6	162805
0295701	5.9	162789
0111282	7.1	162727
1617661	5.3	162721
0102798	6.9	162595
0114898	6.2	162466
0455590	7.7	162413
1596365	6.4	162316
0268126	7.7	162224
0116209	7.4	162200
0362270	7.3	161987
0461770	7.1	161789
0089927	6.8	161777
2404435	6.9	161659
0892791	6.3	161610
0986263	6.3	161526
0814255	5.9	161416
0838221	7.2	161157
0829150	6.3	161079
0307901	7.7	160890
0099810	7.6	160883
1398426	7.9	160844
4846340	7.8	160512
2446042	6.0	160156
0160127	5.5	160008
2094766	5.8	159949
1972591	6.8	159718
0120630	7.0	159691
2674426	7.4	159610
1226229	6.4	159381
0100157	7.8	159369
0418763	7.0	159318
0117998	6.3	159122
0122690	7.3	159101
1872194	7.4	159011
2637276	6.3	158998
0029583	7.6	158794
0138704	7.4	158304
1964418	6.4	158096
0250494	6.3	157952
0090756	7.8	157922
0117381	7.7	157837
0134119	7.4	157749
0120863	7.6	157378
0276751	7.1	157365
4925292	7.5	157072
2557490	6.1	156898
0756683	7.9	156594
0266308	7.7	156488
0146882	7.5	156186
0112851	7.2	155966
0450278	5.9	155748
2023587	6.2	155619
0094012	7.1	155222
0058150	7.7	155214
1078912	6.0	155081
1033643	6.1	155024
0109707	7.9	155013
0311429	5.8	154752
0067992	7.8	154735
0120917	7.3	154623
0195685	7.3	154352
0128445	7.7	154135
0183790	6.9	154085
0443680	7.5	154006
2709768	6.5	153909
0087538	7.2	153748
1935179	7.4	153641
0478304	6.8	153601
0063442	8.0	153480
0389722	6.6	153402
0366548	6.5	153236
1700841	6.2	153215
5362988	7.7	153125
0442933	6.2	153062
0120746	6.7	153053
0970416	5.5	153050
1013753	7.6	152944
0103772	6.9	152830
0129167	8.0	152672
0106856	7.6	152495
2369135	6.5	152303
0109506	7.6	152167
1355683	6.9	152127
0346491	5.6	152073
0465494	6.3	152021
0359013	5.9	151911
2333784	6.1	151874
1229340	6.3	151841
1488555	6.3	151684
0082694	7.6	151662
1231587	6.4	151559
0142688	6.7	151339
0056869	7.7	150841
1253864	6.0	150688
1959563	6.9	150671
0307453	6.0	150602
1628841	5.2	150527
0050825	8.4	150482
0120188	7.1	150476
0112697	6.8	150472
2404463	6.6	150363
1465522	7.6	150305
1220634	5.9	150221
1727824	8.3	150138
3553976	7.9	150057
1038988	7.5	149888
0349683	6.3	149775
0084602	6.8	149681
0415306	6.6	149392
1527186	7.1	149124
0101540	7.3	149035
0375912	7.4	149002
3606756	7.9	148926
0338348	6.6	148543
0120647	6.2	148527
0372588	7.2	148485
0096754	7.6	148327
0106308	7.6	148004
1528100	6.0	147928
0074285	7.4	147708
0054698	7.7	147468
0398165	6.4	147240
0140352	7.9	147173
0978762	8.1	147023
1001508	6.4	146910
0465538	7.3	146870
0990407	5.8	146694
0454841	6.4	146233
2005151	7.1	146219
0114148	6.7	146200
1139328	7.2	146199
0215129	6.5	146088
0061852	7.6	145944
0097733	7.2	145586
0086960	7.3	145159
1821694	6.6	145093
2345759	5.5	144948
1091722	6.8	144826
0918940	6.3	144629
0177971	6.4	144606
0424136	7.1	144519
0275847	7.2	144350
0498380	7.9	144308
0078346	7.3	144252
0445934	6.3	144221
0327084	6.7	143966
0061512	8.1	143954
1129442	6.1	143892
0172493	7.4	143676
1288558	6.5	143668
0337563	6.1	143629
0106677	7.7	143528
3011894	8.1	143487
3631112	6.5	143048
0104714	6.7	143038
0832266	7.2	142986
0285823	6.4	142748
4263482	6.8	142711
0120744	6.5	142695
0120891	4.9	142221
1155076	6.2	142165
0380510	6.7	142030
1411250	6.4	141879
5109784	6.6	141874
1279935	6.3	141827
1365519	6.4	141725
1446192	7.3	141554
0106697	6.6	141548
0120082	6.1	141411
0108160	6.8	141240
0988595	6.1	141238
0094898	7.0	141193
0122151	6.6	141019
0963966	6.1	140809
1277953	6.9	140746
1611224	5.9	140736
0408790	6.3	140650
0091064	7.5	140645
0021749	8.5	140545
2406566	6.7	139930
2170439	6.3	139876
0119081	6.7	139854
0330793	6.5	139585
5519340	6.4	139376
0041959	8.2	139358
0834001	6.6	139166
0810819	7.1	139154
0261392	6.9	138841
0050976	8.2	138755
0017136	8.3	138439
0465602	6.7	138421
1057500	7.3	138373
0472399	6.6	138357
0115798	6.1	138145
0053604	8.3	138052
0145681	6.7	137870
0293564	6.2	137848
0435705	6.2	137573
0120681	6.8	137272
0107207	8.1	137270
0443274	6.6	137106
0033870	8.1	137024
2316411	6.9	136844
0309593	6.2	136763
0859163	5.2	136763
1054606	6.8	136761
0120587	6.6	136671
1502712	4.3	136494
0458481	6.5	136421
2226417	6.6	136323
1661199	6.9	136299
0117705	6.4	136201
1462758	7.0	136153
0046912	8.2	136107
1568338	6.6	135797
0177789	7.3	135747
0122933	6.7	135726
1496025	6.4	135705
0257106	5.3	135382
2140373	7.5	135110
0464141	7.5	135055
1935859	6.7	134998
1188729	6.8	134857
5726616	7.9	134742
1267297	6.0	134700
0780571	7.3	134680
2080374	7.2	134663
0120484	6.1	134528
0938283	4.1	134474
0089880	6.4	134420
0277027	7.6	133794
0102685	7.2	133741
0454945	6.4	133617
0986264	8.4	133363
1568911	7.2	133182
0310793	8.0	133089
1655441	7.2	133056
2704998	7.0	133012
0094625	8.1	132996
0266987	7.1	132970
0055254	7.2	132954
0822832	7.1	132833
0095705	7.6	132822
3569230	7.0	132727
0128442	7.3	132725
0104691	7.8	132644
1335975	6.3	132491
0092991	7.8	132174
3062096	6.2	132151
0094291	7.4	132127
0892782	6.5	132106
0889583	5.8	132056
0159097	7.2	131643
0385002	7.5	131605
0762107	6.0	131312
1216475	6.2	131113
0055928	7.3	131103
2239822	6.5	131021
2338151	8.2	130820
0274166	6.2	130736
0072431	8.0	130563
1727388	7.4	130484
0088944	6.7	130104
0448694	6.6	130017
0475394	6.7	130007
1714206	7.1	129922
0159365	7.2	129894
0058331	7.8	129879
0335438	6.1	129665
0397535	7.4	129662
0452694	7.1	129637
0257076	6.0	129570
1489889	6.3	129455
0110322	7.5	129347
0100403	6.3	129336
0042876	8.3	129226
1600196	7.1	129121
0066999	7.8	129079
0105793	7.0	129058
0391198	5.9	128909
0805564	7.3	128816
0272338	7.3	128483
1121931	6.2	128477
0387808	6.6	128409
0113247	8.1	128336
0102138	8.0	128303
1034303	7.2	128269
0890870	5.9	128203
0398808	7.2	128127
0413099	5.4	128087
0072684	8.1	127884
1334260	7.2	127720
0097958	7.6	127570
1860357	7.1	127367
0074958	8.1	127349
0093894	6.7	127272
0301357	7.7	127100
0410297	6.8	127033
1403981	7.1	127022
0242423	5.5	126843
1560747	7.1	126774
0042332	7.3	126706
1809398	7.2	126690
1980929	7.4	126342
2848292	6.4	126076
0082198	6.9	125690
0097523	6.3	125564
0306047	5.5	125447
0084516	7.4	125383
2191701	5.4	125080
0047296	8.2	125079
1399683	7.2	124904
0980970	6.3	124842
1549920	6.4	124774
0350258	7.7	124753
1563738	7.0	124712
0307987	7.1	124642
0989757	6.3	124593
1389137	7.1	124390
0473705	7.1	124381
0417148	5.5	124334
0280590	5.8	124160
0389790	6.1	123771
1469304	5.6	123716
0087544	8.1	123708
1100089	7.0	123573
0472033	7.1	123562
0118842	7.3	123520
2101441	5.3	123387
0804497	7.1	123305
0387131	7.4	123198
0481536	6.6	123196
0022100	8.3	123088
1034032	5.8	123076
0424345	7.4	122982
0369441	6.1	122910
0092067	8.1	122898
0109831	7.1	122896
0471042	6.2	122870
0036775	8.3	122859
0116583	6.9	122799
0430105	6.9	122781
0120784	7.1	122775
0276919	8.0	122753
0292506	6.6	122686
1939659	5.9	122679
2975578	6.5	122657
1855325	5.4	122615
1764234	6.2	122507
0120888	6.8	122248
0099938	6.1	122076
0340855	7.3	121686
0040522	8.3	121658
0107362	6.3	121569
1174732	7.3	121548
1915581	6.1	121489
4555426	7.4	121275
5580036	7.5	120978
0361596	7.5	120875
0324216	6.2	120645
0947810	6.8	120592
2180411	6.0	120523
3532216	7.2	120518
0450232	6.6	120323
1351685	6.3	120234
0119345	5.7	120182
1189073	7.6	120173
3300542	5.9	119980
0095159	7.6	119979
2203939	6.0	119908
0120768	7.3	119824
0086465	7.5	119791
2278871	7.8	119790
2042568	7.5	119766
1924435	6.5	119753
1314655	6.2	119660
1234548	6.2	119659
1538403	5.9	119577
1242460	7.5	119505
0277296	5.5	119467
1204975	6.6	119386
0073629	7.4	119374
0079522	8.0	119282
0842926	7.0	119276
0256380	5.9	119229
0325703	5.5	119203
0358082	6.3	119072
0365737	6.9	118898
0451079	6.8	118890
3152624	6.2	118880
2209418	7.9	118872
3640424	7.1	118851
4178092	7.1	118766
0112508	6.4	118490
0053285	7.3	118440
0103074	7.4	118410
1019452	7.1	118405
0443649	5.1	118349
0085334	8.0	118267
0277434	7.2	118167
0402022	5.5	117976
0088258	8.0	117839
1255953	8.2	117771
0253556	6.2	117614
0245844	7.8	117527
0414982	5.8	117288
0072271	7.5	117187
1790886	6.1	116912
0343135	5.9	116559
1262416	6.2	116542
2692904	7.1	116530
1758830	6.2	116497
0816442	7.6	116406
0325805	7.3	116356
0467197	5.4	116174
0117913	7.4	116155
2120120	5.6	116005
5311514	8.4	115969
2873282	6.6	115927
0449010	5.1	115875
0100150	7.8	115867
0257360	7.2	115838
1448755	6.5	115834
0088323	7.4	115809
3322940	5.4	115809
2554274	6.5	115792
3416742	7.6	115552
0089530	6.3	115511
2177771	6.1	115361
0116922	7.6	115290
3393786	6.1	115153
1517451	8.1	115110
2096672	5.6	115103
0384793	6.5	115093
0046250	8.1	115084
0433362	6.5	115001
0079417	7.8	114851
0381707	5.5	114771
0379725	7.4	114637
0125664	7.4	114466
0815236	6.4	114441
0274558	7.6	114347
2446980	6.6	114160
1298649	5.7	114141
0452594	5.8	114089
1616195	6.6	114066
0134273	6.5	113987
0093822	7.4	113834
0093105	7.3	113700
1615065	6.5	113636
0106489	7.8	113364
3316960	7.5	113301
0119738	6.3	113277
0034492	7.3	113262
0373074	7.8	113205
0149261	5.8	113111
0071230	7.8	113000
0164052	5.7	112846
0120789	7.5	112764
0251160	7.1	112702
0247638	6.3	112619
3774114	7.3	112543
0043274	7.4	112506
0312004	7.5	112500
2381111	7.5	112426
0040746	8.0	112309
0322330	6.2	112275
0480687	5.9	112161
0455824	6.6	112098
1205537	6.2	112029
0101272	6.9	111999
0259446	6.6	111908
0134084	5.6	111829
2024432	5.7	111666
0268695	5.9	111632
0044079	8.0	111500
0113568	8.0	111498
0249462	7.7	111432
0097441	7.9	111429
0227445	6.8	111404
0918927	7.5	111386
0032910	7.5	111326
0164912	5.9	111284
0431197	7.0	111166
0100507	5.2	111132
0108358	7.8	111106
0251075	6.1	110953
0054331	7.9	110767
0091203	7.2	110706
0305357	4.9	110705
5074352	8.5	110616
1862079	7.0	110362
0427327	6.7	110315
1055292	6.6	110118
1524137	6.5	110091
0418689	7.1	110046
0091369	7.4	110015
7784604	7.3	109995
0070511	8.0	109901
5164214	6.2	109900
0120102	7.0	109863
3371366	5.2	109854
1038919	5.6	109797
0090728	7.3	109606
0338564	8.1	109601
2267968	7.1	109418
0184894	6.6	109296
0120657	6.6	109221
1692486	7.2	109214
0117438	6.6	109163
1441395	6.3	109160
0905372	6.2	109098
2582496	7.8	109079
0404032	6.7	108931
0082340	7.2	108930
0101507	7.8	108816
0099077	7.8	108786
0216216	5.9	108766
0355295	5.9	108715
0087182	6.6	108644
0093437	7.3	108498
0106582	6.4	108463
0161081	6.6	108368
0480025	7.7	108265
0393162	7.3	108240
1000774	5.6	108240
0117731	7.6	108154
0482606	6.2	108006
0293508	7.3	107854
0046183	7.3	107845
0032976	8.1	107839
0486946	5.9	107827
1201167	6.3	107786
0475290	6.3	107455
2561572	6.0	107453
2305051	7.1	107449
0113749	7.2	107344
3470600	7.1	107210
4116284	7.3	107124
0117008	6.9	106965
0093748	7.6	106923
1172570	7.1	106692
0758730	4.7	106634
3488710	7.3	106603
0265459	6.8	106457
0822847	5.7	106414
0790736	5.6	106391
0112431	6.8	106237
0095956	5.8	105924
0397065	5.3	105749
1179034	6.5	105700
0223897	7.2	105691
0100814	7.2	105627
0780521	7.1	105574
0120794	7.1	105463
0162346	7.4	105445
0103855	6.2	105228
0146838	6.9	105211
1390411	6.9	105101
2034800	6.0	105090
0120632	6.7	105054
1615147	7.1	105040
0120783	6.5	105017
1228987	7.1	104929
0817230	5.7	104766
1634122	6.3	104636
0362120	5.1	104620
1058017	6.4	104613
0113627	7.5	104603
0048280	7.3	104472
0314353	6.6	104278
1131734	5.2	104266
1067583	6.9	104185
1355630	6.8	104180
0107977	6.7	104175
0084827	6.8	104157
2388715	6.5	104134
0042192	8.3	104098
1132626	5.8	104067
1547234	6.5	104044
0245574	7.7	103727
1517260	5.9	103688
0876563	7.7	103566
0421239	6.5	103553
0907657	7.9	103424
1821549	7.7	103412
1086772	6.5	103333
0112642	6.1	103330
1924429	6.9	103290
0870984	6.6	103261
0092965	7.8	103244
1904996	6.2	103190
0453451	6.4	103150
0033563	7.3	103047
0290673	7.4	102998
0057076	7.5	102942
0106918	6.8	102905
0084726	7.7	102888
0077975	7.6	102823
0455407	6.5	102775
0435651	6.5	102738
1937390	6.9	102722
0063350	7.9	102586
4052882	6.3	102407
0365907	6.5	102381
0462590	6.5	102345
0366627	7.1	102143
0080761	6.5	102113
0101410	7.7	101907
2265171	8.0	101677
0373051	5.8	101663
0079116	7.6	101619
1911644	6.7	101549
0133751	6.5	101532
0077402	8.0	101451
0421073	6.8	101444
0430357	6.0	101410
0118694	8.1	101386
0085959	7.6	101373
0337741	6.7	101140
2884206	7.4	101105
3521126	7.4	101056
0250687	6.4	101001
0329101	5.8	100970
1071875	4.3	100954
0340163	6.6	100932
0263488	6.2	100874
0087928	6.7	100771
0765010	7.1	100716
1486185	5.5	100696
0385004	7.6	100668
2404311	6.3	100595
0113492	5.5	100574
0096320	6.0	100561
0190138	6.7	100526
0373883	6.1	100523
0118617	7.1	100482
1327773	7.2	100457
1307068	6.7	100423
1648190	5.7	100333
4302938	7.8	100268
0445922	7.4	100071
1023114	7.3	100071
0182789	6.9	100054
0460791	7.9	100012
0070608	7.6	99965
1131729	7.4	99962
1854564	5.8	99956
0289992	7.6	99862
5700672	7.5	99714
0795368	7.4	99705
0120890	6.5	99496
0424095	6.6	99454
0404203	7.5	99386
0200550	5.6	99258
0327554	3.3	99212
0203019	7.2	99205
0117218	5.6	99086
0465580	6.1	99080
0114069	6.6	99052
0295700	6.1	98989
5813916	9.4	98932
4172430	7.3	98853
0040897	8.3	98724
0472062	7.1	98691
0348836	5.8	98648
0405296	7.1	98497
0137494	6.3	98468
1638002	7.2	98464
2543472	8.0	98440
0929632	7.3	98404
5439796	7.0	98322
0146675	5.7	98290
0397101	6.5	98217
1602613	5.7	98163
3531824	6.6	98099
1921064	5.5	98090
3567288	6.2	97909
1956620	5.1	97863
0286499	6.7	97846
4438848	5.7	97777
0309987	7.2	97677
0119395	6.4	97650
1315981	7.6	97643
0419706	5.2	97617
0426931	7.5	97586
5462602	7.6	97492
0097351	7.5	97460
0405508	8.2	97326
0401383	8.0	97249
0384806	6.0	97155
0056801	8.1	97047
1509767	5.8	97037
1206543	6.8	96926
0970866	5.5	96920
0096928	6.9	96917
0338337	6.3	96835
0067116	7.8	96774
0227538	5.5	96751
0283111	6.4	96709
0089881	8.2	96646
0799949	2.4	96556
1860213	5.9	96553
1567609	7.0	96549
0780653	5.8	96432
2312718	6.5	96346
0240890	6.9	96283
4651520	6.2	96257
0092644	6.5	96217
0313737	6.1	96170
0436697	7.3	96092
1073498	2.7	96035
6294822	7.2	95999
0367959	6.2	95973
0870111	7.7	95887
0368008	6.6	95847
1682180	6.8	95735
0236493	6.1	95670
0790686	6.2	95667
0031679	8.2	95625
0243133	7.6	95616
0353969	8.1	95606
2402927	7.2	95606
0865556	6.6	95560
1622979	5.9	95560
4786282	6.3	95495
0287467	8.0	95472
0097814	7.9	95373
0386117	6.8	95264
0164184	6.4	95228
0218967	6.7	95194
0365830	6.8	95088
2231461	6.1	95007
0075005	7.6	94946
0116213	6.1	94835
1053424	6.3	94743
0433400	6.2	94683
0467200	6.7	94373
0070666	7.8	94343
1656190	6.5	94335
0102510	6.9	94218
1007029	6.4	94171
0120902	7.0	94170
0390521	7.2	94141
0426883	6.9	94010
0104952	7.6	94006
1702439	6.7	93992
0080487	7.3	93960
0848537	6.7	93879
0120889	7.0	93660
0079944	8.1	93646
0376136	6.2	93613
0055630	8.3	93586
0159273	6.4	93525
0462504	7.3	93504
1114740	5.2	93478
0256415	6.2	93465
0393109	7.4	93442
1135503	7.0	93424
0327850	6.7	93410
0343737	6.7	93225
1438176	6.4	93184
0404390	7.4	93089
1063669	7.6	93072
0059800	7.0	92996
0110478	7.0	92987
0342258	7.0	92720
0186151	7.4	92716
0480242	6.8	92698
0317198	6.0	92672
0096256	7.3	92643
1078940	5.5	92588
0335245	6.2	92310
0129290	6.7	92302
0091605	7.8	92292
1528854	6.1	92279
1924396	7.8	92270
0373926	6.4	92145
0012349	8.3	92079
0901476	5.5	92050
1027718	6.2	92039
0300471	6.2	91952
0104070	6.5	91944
2503944	6.6	91920
1240982	5.5	91876
0105112	6.9	91846
0112461	7.3	91845
1478964	6.6	91802
1258197	6.9	91780
2199571	6.6	91741
0120184	6.1	91719
0477302	6.9	91717
1408253	6.2	91683
0113855	5.8	91617
1327194	6.5	91611
0475276	7.6	91548
0112740	7.3	91527
1536044	5.7	91484
1433108	6.5	91465
0061418	7.9	91450
1571222	6.4	91439
0425123	6.7	91372
0422720	6.4	91167
0168629	8.0	91035
2404233	5.4	91034
1233227	6.0	90994
0119303	4.4	90993
0119164	7.2	90953
0861739	8.1	90806
1450321	7.1	90793
0096446	7.3	90792
0052311	8.0	90711
2193215	5.3	90573
0412019	7.2	90509
1588170	7.8	90503
0409182	5.6	90495
0318462	7.8	90408
1333125	4.3	90359
1038686	5.2	90228
1800246	6.2	90132
0169102	8.1	90078
3410834	5.7	90027
2631186	8.2	90018
0093177	7.0	89905
0088128	7.1	89895
4209788	7.5	89879
0102059	6.7	89803
1614989	7.6	89748
0758766	6.5	89694
4276820	7.2	89635
0230030	6.0	89616
1839492	7.2	89612
0185431	5.3	89602
0114388	7.7	89514
0427152	5.9	89489
0044081	8.0	89454
0053198	8.1	89274
1023111	6.6	89245
0816462	5.2	89222
0247745	7.1	89200
0230011	6.9	89190
0490204	7.5	89139
0433383	7.5	89137
0292963	7.3	89023
0115433	5.7	88957
0068473	7.7	88915
2763304	7.2	88909
0074119	8.0	88881
1502404	5.4	88763
0277371	5.7	88694
0044706	8.0	88666
0889573	6.1	88641
0364970	5.6	88534
1592525	6.1	88522
1979388	6.7	88480
0113101	6.7	88371
0081573	6.8	88350
1067106	6.8	88331
1188996	8.0	88195
0099871	7.5	88138
1482459	6.4	88121
0209958	6.3	88117
0452702	6.2	88091
0113118	7.3	88037
0096969	7.2	87998
2692250	6.2	87990
0064665	7.9	87989
0452637	5.6	87924
2170593	7.3	87847
2510894	6.7	87806
0390384	6.9	87551
3717490	6.0	87433
0051201	8.4	87374
0084805	7.4	87342
2304933	5.2	87290
0074486	7.4	87262
2357129	5.9	87236
0118689	6.4	87153
0133240	7.1	87134
0076752	7.1	87127
0104348	7.8	87044
0110622	6.5	87007
3874544	6.3	87007
0758746	5.6	86992
2431286	7.6	86970
0120873	6.5	86957
1142977	7.0	86932
1235166	7.9	86801
0124315	7.4	86719
0385880	6.6	86676
0070034	7.7	86665
1144884	5.2	86651
0015864	8.2	86571
1195478	6.2	86512
0248667	6.8	86488
0098439	6.4	86472
1017460	5.7	86402
0066206	8.0	86362
0097239	7.4	86362
1187064	6.9	86316
1212419	6.5	86201
0441909	7.6	86169
0064276	7.4	86105
0250258	7.7	86055
1045772	6.6	86048
0120907	6.8	86009
0337921	6.5	86001
4034354	7.0	85984
0062512	6.9	85889
1034314	5.9	85871
0418819	6.2	85841
1622547	6.1	85839
1440728	6.3	85768
1657507	6.4	85671
0118883	6.7	85641
0963178	6.5	85627
0171804	7.6	85607
0070328	6.8	85478
4501244	6.2	85469
0071360	7.9	85381
0103873	7.5	85339
0318649	6.0	85155
0118615	4.7	85126
0799934	6.4	85071
0116136	6.4	85053
0349205	5.8	85019
1623288	7.0	84978
0055614	7.6	84914
3622592	6.3	84891
2866360	7.2	84836
0174856	7.6	84776
1524930	6.1	84775
4062536	7.0	84734
0163187	5.5	84732
0122718	6.1	84691
3063516	6.5	84630
0395584	6.9	84608
0298814	5.5	84601
0102266	7.0	84600
0288477	5.5	84568
0086034	6.6	84542
0118998	5.4	84533
0892318	6.6	84507
0446755	7.5	84490
0443701	5.9	84489
0115759	6.0	84407
0267913	5.0	84404
0066995	6.7	84366
0071807	6.8	84366
1778304	5.8	84364
0267804	5.9	84295
1045778	4.9	84284
0313542	7.1	84272
1386932	7.6	84256
0479997	5.4	84164
0138524	6.3	84145
1412386	7.3	84101
1161864	6.0	84030
1179056	5.2	83974
0085995	7.4	83965
0127536	7.5	83962
1549572	7.0	83953
2224026	6.6	83902
0097742	6.6	83893
3469046	6.3	83803
0090555	6.5	83776
4123430	6.9	83776
0328880	6.8	83738
0362478	5.6	83714
1216492	6.5	83671
2241351	6.5	83602
2381991	6.1	83601
0386140	5.9	83520
0285531	5.5	83506
0377109	5.4	83500
1078588	7.4	83472
0080120	7.7	83403
0060827	8.1	83344
1226273	6.6	83324
1470827	6.4	83291
0038787	8.0	83243
1216487	7.2	83194
0302640	5.5	83103
0981227	6.7	83042
0107206	7.2	83018
0083929	7.2	82904
1618442	6.0	82886
1602620	7.9	82829
1781769	6.6	82757
0093389	7.8	82716
1564585	4.4	82695
0365686	6.5	82670
5104604	7.9	82670
1532503	7.2	82664
5140878	6.5	82452
0468492	7.0	82345
0025316	8.1	82328
0348333	6.8	82305
0106611	6.9	82073
4698684	7.9	82058
0114924	6.7	81998
0406816	6.9	81975
0104694	7.2	81963
0070379	7.3	81912
0112817	7.7	81891
0126886	7.3	81795
0082398	6.8	81773
0480255	6.4	81670
0406375	6.2	81515
0086567	7.1	81478
1204342	7.1	81478
1477076	5.6	81463
0099700	6.3	81426
0808279	6.5	81357
1675192	7.4	81336
1213644	1.9	81274
0112818	7.5	81259
2671706	7.2	81232
4779682	5.8	81214
0050986	8.2	81206
0111070	6.4	80987
0119229	7.4	80910
1397514	5.8	80878
0490215	7.2	80852
0401445	7.0	80844
0116705	5.5	80818
1648179	6.4	80711
1232200	5.6	80703
1103153	5.4	80643
1385867	5.6	80579
0960731	6.1	80498
0056193	7.6	80369
0117318	7.3	80360
0032455	7.8	80285
0452625	5.6	80284
0357277	4.7	80268
0808417	8.1	80240
1791528	6.7	80223
0117666	8.0	80188
0155267	6.8	80155
2980592	6.7	80110
0464154	5.4	80099
0079574	6.3	79880
1289406	7.2	79809
2172934	6.2	79722
1637706	6.4	79663
1034331	6.0	79633
0499556	6.3	79631
0082010	7.6	79468
4500922	6.3	79377
0109444	6.9	79367
0065421	7.1	79338
0204946	6.0	79240
0914863	7.1	79240
0468489	7.2	79233
0416236	6.6	79201
1878870	7.4	79153
0185125	7.9	79026
3195644	6.1	78998
0054047	7.8	78971
0363589	7.2	78957
0408839	5.8	78952
0498353	5.5	78880
0032551	8.1	78865
0013442	8.0	78847
1135985	6.5	78809
1230414	6.6	78803
1486192	6.4	78800
0498399	6.9	78765
1164999	7.5	78762
1456635	6.8	78759
2679042	5.7	78736
3381008	6.2	78734
0093428	6.7	78728
0230838	6.7	78669
0107120	6.8	78629
0460740	7.2	78619
1109624	7.2	78577
0120780	7.0	78471
1559547	6.2	78362
1396218	6.0	78275
1714915	7.3	78248
1440292	7.3	78226
1655420	7.0	78204
0090264	6.3	78203
0395699	5.6	78176
0165798	7.5	78149
1985966	6.4	78143
2140379	6.5	78106
5715874	7.0	78075
0181536	7.3	78055
1859650	6.3	78051
2557478	5.6	77998
1667353	5.6	77955
1322269	7.2	77917
0270288	7.1	77855
0346156	6.1	77842
0396555	6.9	77825
1506999	5.8	77809
1263670	7.3	77796
0118887	6.9	77784
0086979	7.6	77722
0844708	6.6	77704
0058385	7.9	77639
0213847	7.5	77566
0402399	6.7	77551
0455760	6.2	77513
0285742	7.1	77484
2205697	7.3	77421
0327437	5.9	77361
0284837	6.2	77325
0057546	7.2	77305
1853739	6.5	77275
0173840	6.4	77193
0111495	8.1	77148
0114214	6.4	77042
4465564	4.6	77037
0098084	6.6	76984
0382077	5.9	76931
0252076	5.2	76784
0100758	6.8	76765
0154506	7.6	76741
0105417	6.3	76683
1536537	6.9	76662
0289848	5.9	76649
4094724	6.0	76565
2125435	7.3	76483
4481414	7.6	76466
0107144	6.6	76460
0095647	7.8	76434
2132285	5.6	76395
0160862	5.9	76386
0090329	7.4	76347
0497116	7.4	76251
0400717	6.1	76210
0105698	6.0	76076
0101761	7.2	75975
0274812	7.0	75934
0821640	5.8	75904
1297919	6.2	75874
0371606	5.8	75851
0450188	7.6	75844
0472181	5.5	75842
0119137	5.2	75831
0882977	6.5	75815
5776858	7.5	75810
0151738	6.0	75794
0453562	7.5	75783
0137363	7.2	75629
0370032	4.4	75607
1020072	7.5	75556
2382009	6.7	75528
0116365	7.1	75432
0108394	8.0	75372
1615160	7.0	75244
2567026	6.2	75231
0322802	6.6	75211
2548396	5.6	75204
0879870	5.8	75108
0097493	7.3	75056
3850214	7.2	75003
0457513	6.7	74938
1702443	1.6	74929
1023481	6.3	74895
0098258	7.4	74841
3072482	6.7	74795
3316948	6.1	74779
0328538	6.8	74764
1598822	5.7	74719
3949660	6.0	74628
3322364	7.1	74561
0208003	5.1	74540
1293847	5.2	74523
1126590	7.0	74467
0096061	7.0	74365
0082406	7.3	74358
0455967	5.8	74347
0048545	7.8	74208
0457510	5.7	74201
0105665	7.2	74164
1172049	7.0	74070
0094862	6.6	74036
0383216	5.6	74009
0463034	5.6	73950
0307479	6.2	73902
0384680	6.6	73884
1555149	8.1	73823
4682786	6.8	73798
0101700	7.7	73782
0104797	7.7	73764
1418377	5.1	73759
1540133	7.3	73743
0100502	5.8	73686
0088011	6.9	73667
0048424	8.0	73610
0098554	7.0	73583
0419887	7.6	73527
0120885	7.1	73447
0099582	6.6	73365
0839980	5.8	73350
0132477	7.8	73290
0469641	6.0	73167
0817177	7.7	73005
6499752	7.6	72946
1229822	7.4	72936
0356470	5.9	72914
0166896	8.0	72902
0079945	6.4	72895
0069704	7.5	72875
0364045	6.2	72873
0456554	7.0	72816
0862856	6.8	72788
0100935	7.2	72784
0317648	6.7	72773
0245674	5.6	72683
0035423	6.4	72667
0120679	7.4	72660
0371246	6.4	72630
0138749	6.9	72628
1219342	7.0	72552
0086541	7.3	72515
1020558	6.4	72496
1625346	6.3	72340
0024216	7.9	72335
0367110	8.3	72290
1860353	6.4	72225
0154420	8.1	72189
0038355	8.0	72175
1981128	5.3	72160
1029234	7.1	72152
0852713	5.5	72127
0280707	7.3	71987
1294226	5.9	71937
0250797	6.7	71933
2179116	7.2	71878
0101889	7.6	71863
0120787	6.5	71775
5052474	7.1	71770
0086200	6.8	71767
5988370	1.8	71737
0107822	7.6	71723
2823054	6.0	71718
0097216	7.9	71695
0118928	5.9	71692
0369702	8.0	71666
0049406	8.0	71636
1716772	6.8	71581
0094889	5.9	71540
1117385	7.5	71522
0185183	2.5	71508
1292566	6.1	71503
0110074	7.3	71491
0377818	5.1	71461
0290095	5.4	71424
4572514	7.4	71411
0092563	7.3	71384
0049730	8.0	71378
0141926	6.6	71373
1083452	7.4	71344
0095489	7.4	71329
1152398	5.6	71325
5022702	6.6	71221
0097778	5.8	71173
0112401	6.3	71138
3544112	8.0	71082
1600195	5.1	71040
0043456	7.8	71012
0087884	8.1	70940
0386032	8.0	70871
2592614	5.6	70826
0864761	6.9	70805
0115685	7.0	70772
0411061	5.9	70736
1911658	6.7	70675
1235522	6.2	70621
0092007	7.3	70618
1666801	6.5	70594
0405325	6.2	70557
4857264	8.1	70539
0116778	6.9	70517
4016934	8.1	70508
2057392	7.3	70493
1590193	6.3	70443
0065214	8.0	70390
0120832	6.0	70316
0815245	6.4	70292
0427392	5.9	70283
0090305	6.6	70229
2370248	8.0	70214
0099371	5.9	70206
1674771	6.6	70112
0265349	6.5	70087
0398712	6.3	70070
0465551	7.4	70066
0152930	7.0	70028
0374546	8.1	69996
0356634	5.0	69986
5308322	6.5	69985
1095217	6.6	69959
2358891	7.8	69939
2436386	6.4	69907
2357291	6.3	69875
0088939	7.8	69863
0108525	6.2	69840
0117333	6.4	69772
0087078	5.9	69759
0264616	7.3	69757
1093908	5.9	69701
0403702	6.5	69681
0113161	6.9	69670
0117802	7.3	69635
0304415	6.5	69634
0064757	6.8	69579
0383028	7.5	69457
0795351	6.2	69454
0114694	7.1	69447
1512235	6.8	69411
0810913	3.3	69383
0054997	8.0	69370
1051904	6.3	69365
0017925	8.2	69341
0209475	5.3	69303
2387559	6.4	69260
0105690	6.5	69186
1126591	6.4	69137
1433811	7.5	69071
0371257	6.9	69058
2017038	6.9	69048
0303816	5.6	69041
0108037	7.8	68974
0378109	5.9	68934
1220198	5.9	68928
0345950	7.0	68871
1974419	6.2	68816
0109254	5.5	68814
1840417	7.1	68759
0211933	6.5	68719
1336608	5.9	68709
0084503	8.0	68700
5164432	7.7	68671
0111280	6.6	68568
0439815	6.5	68544
0164181	7.0	68535
1234719	5.4	68513
1605717	7.0	68470
0109813	4.8	68411
4287320	5.3	68384
1020530	6.8	68352
0311289	7.0	68339
1528071	6.5	68322
0367089	7.4	68204
0446059	7.7	68204
0787475	6.7	68203
2002718	5.6	68187
0462465	6.3	68165
0368226	3.7	68164
0107798	6.6	68153
0477071	5.9	68061
1655460	5.6	68051
0251736	6.1	68048
2726560	7.1	67866
1683526	7.7	67849
0114508	5.8	67841
0181316	6.3	67809
1781922	6.8	67806
0120179	3.8	67721
0119173	5.9	67687
0092675	6.8	67679
0483607	6.0	67677
0494238	6.1	67575
0387877	5.6	67526
0344510	7.7	67455
1711425	5.9	67439
0233469	5.5	67399
0106220	6.7	67389
0105812	6.7	67384
1261945	4.4	67380
3289956	6.8	67358
0088930	7.3	67264
1985949	6.3	67212
0120828	5.8	67207
0069293	8.1	67205
0398017	6.6	67194
0770752	5.7	67180
0401711	7.3	67178
0975645	6.8	67149
0186566	6.4	67133
1389072	5.7	67128
0952640	5.2	67105
0335119	6.9	67088
0088170	6.7	67051
0389557	7.8	67041
0119099	7.0	66970
0164334	6.3	66936
3203606	7.5	66912
2980648	7.3	66858
2082197	8.1	66856
0056218	8.0	66714
0286112	7.3	66696
1726669	6.7	66694
3967856	7.3	66677
0770703	6.1	66599
0115963	6.3	66526
2334649	7.5	66498
1242432	6.3	66484
0243736	5.6	66479
0368909	7.2	66462
3416532	7.5	66441
1972571	6.8	66408
0090863	7.0	66385
0116908	6.8	66352
0790628	5.9	66352
3691740	6.4	66321
0253754	6.4	66289
0113540	7.0	66286
2649554	6.6	66274
1467304	4.4	66273
4731136	6.4	66261
1954470	8.2	66213
0086066	7.2	66181
1280558	8.2	66119
0183523	5.6	66104
1178663	7.2	66035
0862846	6.9	66010
0107808	7.5	65897
5814060	5.5	65874
1568921	7.6	65828
0120461	5.5	65818
3882082	6.0	65759
0171363	4.9	65648
0427229	5.6	65643
0481141	6.3	65557
1126618	6.5	65555
0884732	6.7	65538
7349662	7.6	65461
0804461	6.8	65424
3605418	4.9	65411
0120738	5.1	65405
0205000	5.7	65375
0368933	5.8	65305
0091790	6.8	65293
1582507	5.6	65268
0043265	7.9	65243
1121096	5.5	65241
3007512	7.1	65232
1374992	6.4	65221
1912398	7.2	65215
0354899	7.3	65207
0093010	6.9	65154
0085794	7.8	65075
0995039	6.7	65074
0970452	6.1	65056
0455538	6.4	65021
0478134	7.2	65010
0861689	6.6	64976
1366344	5.7	64933
2387433	6.3	64839
1341167	7.3	64822
0387898	7.3	64762
0101393	6.7	64757
0963794	5.9	64725
0120791	6.2	64603
0118607	7.3	64595
2494362	7.1	64592
1586265	5.7	64570
1098327	2.6	64443
0102492	6.9	64279
0150377	6.4	64277
4695012	6.2	64266
1645089	8.3	64203
0871510	8.2	64200
0374536	4.8	64144
2870612	6.2	64137
3766354	6.8	64103
0811080	6.0	64101
0162650	5.9	64082
1491044	6.9	64063
1082868	6.0	64061
0082495	6.6	64055
0067185	8.0	63954
3522806	5.7	63930
0377471	5.7	63906
1379182	7.3	63905
2400463	6.7	63869
0272020	6.9	63835
0091326	6.0	63804
1352824	6.3	63804
0119190	5.5	63783
1371150	6.6	63734
0391304	6.6	63731
0133952	6.3	63695
0077928	7.6	63658
0235198	7.2	63636
0120631	7.0	63635
5649144	7.6	63628
0112579	7.6	63573
0120844	6.4	63567
0368709	6.4	63428
1186367	6.4	63387
0139239	7.3	63258
1619029	6.7	63216
0443489	6.5	63204
0102975	7.2	63190
1241317	4.6	63167
0351977	6.3	63156
0305711	5.5	63144
0340377	7.7	63098
1486834	6.8	63083
0420294	5.9	63042
1591479	6.5	63038
0119925	6.0	63006
0451094	7.6	62931
0076786	7.5	62844
0425413	6.6	62822
0059113	8.0	62817
0115734	7.1	62817
0971209	6.5	62805
0061184	8.0	62736
0076666	6.8	62718
0095631	7.6	62715
1245112	6.5	62654
0476735	8.4	62653
0264472	6.5	62622
2377322	6.2	62603
0089755	7.2	62586
1212428	6.6	62570
0364517	7.7	62549
0053472	7.9	62543
0116225	5.7	62473
0119051	6.9	62415
0130018	4.6	62348
1726592	6.3	62337
0329575	7.3	62307
1740707	7.0	62260
0165929	6.1	62248
0416315	6.3	62191
3312830	7.3	62173
0113071	5.9	62162
0329774	4.4	62162
0066026	7.6	62160
0374887	8.2	62071
5758778	5.9	62016
0493430	7.1	61965
0370986	7.7	61953
4849438	8.3	61865
0101862	6.5	61853
0088161	6.2	61843
2051879	6.5	61792
0087277	6.5	61752
0421054	6.0	61737
0131325	6.4	61710
0414852	7.2	61706
0866439	5.9	61690
0077766	5.7	61663
0338095	6.8	61616
0147612	7.8	61610
0219965	6.5	61583
0100263	7.4	61555
0841046	6.8	61538
1149362	7.8	61481
2568862	6.6	61448
0083511	6.9	61346
0245562	6.0	61310
1763303	6.9	61304
0120749	6.1	61288
0114558	7.2	61271
0385307	5.1	61211
0113481	5.6	61179
0092086	6.5	61153
0356618	5.8	61150
0056217	8.1	61118
0477051	4.0	61083
1343097	7.3	61070
0085333	6.7	61051
1268799	6.3	61041
2854926	6.6	61007
0315983	7.6	60997
1321511	5.8	60997
3829266	5.5	60991
0423294	6.7	60919
1323045	6.2	60905
0093629	6.6	60900
3863552	8.0	60896
0414055	6.9	60771
0112682	7.6	60724
0316356	7.5	60643
1365050	7.8	60612
0463998	7.5	60566
0113243	6.2	60526
1172233	6.9	60500
0036613	8.0	60475
1679335	6.5	60412
0091167	7.9	60404
0106965	5.9	60389
0151137	6.4	60349
2101341	6.5	60335
0316396	6.9	60247
0096734	6.9	60235
1186830	7.2	60223
1034389	6.2	60214
0139809	7.0	60129
0423977	7.0	60091
1278340	6.3	60049
0486551	6.3	60043
1226753	6.9	60043
0356721	6.7	59984
0061578	7.8	59968
0116040	5.9	59939
3717252	5.8	59935
2106361	5.8	59922
0986233	7.6	59899
1893256	6.2	59829
0101921	7.7	59777
4513674	6.6	59738
3713166	5.6	59697
0110932	7.5	59681
0145531	6.2	59674
0110216	4.6	59662
1320261	4.9	59637
0396752	6.6	59584
1588334	6.5	59573
0055031	8.2	59526
0097937	7.9	59401
0300051	6.2	59343
0292490	8.2	59326
0433387	6.9	59326
0104652	7.8	59317
0457400	5.4	59314
0111301	3.9	59293
0445990	7.1	59189
1586752	6.8	59143
0078841	8.0	59142
0206314	6.6	59135
1687901	6.5	59038
1355631	7.0	59035
3045616	5.5	59027
0120694	5.7	58977
0450345	3.7	58976
0090859	5.7	58934
0120177	5.2	58902
1130080	6.5	58843
1213641	7.6	58764
0970411	6.5	58756
2140619	6.4	58747
0094947	7.6	58727
0125659	7.8	58703
1991245	5.0	58635
1259528	7.0	58586
0873886	6.2	58569
0426592	4.5	58518
0851578	7.7	58462
2013293	7.8	58453
0075029	7.9	58425
0087803	7.2	58413
0795461	3.5	58405
1462041	6.0	58345
0061811	8.0	58335
1990314	7.1	58331
0465624	5.1	58314
2039393	6.0	58279
0056923	8.0	58264
1242422	7.7	58231
1712261	6.3	58205
0103786	5.6	58179
1608290	4.7	58170
0120148	6.8	58157
2402157	6.3	58121
2937898	7.0	58103
0185014	7.4	58081
0091474	7.2	57996
2262227	7.3	57976
1191111	7.3	57957
0086393	4.9	57935
0132347	6.1	57933
0163988	6.8	57917
2347569	7.4	57886
0104815	6.9	57851
1441952	6.8	57839
0119468	6.6	57807
1270262	7.1	57748
1587707	8.0	57723
2870756	6.6	57699
1300851	6.3	57674
0237534	7.1	57639
1258972	5.4	57617
0219699	6.7	57594
0453556	6.3	57560
2053425	7.5	57551
0103919	6.6	57549
0095031	7.3	57521
0462200	7.0	57453
2910814	6.1	57450
0095963	6.1	57422
2364841	5.6	57418
1850457	6.0	57398
0053779	8.1	57388
1436045	7.6	57292
2109184	4.6	57275
2125608	8.2	57252
0271027	6.6	57248
1583420	6.1	57226
0285492	5.6	57197
0070917	7.6	57166
1972779	6.7	57163
0178868	7.3	57160
0091419	7.0	57134
0032904	8.0	57129
1210042	6.7	57120
0080453	5.7	57112
1473832	6.6	57095
0083131	6.9	57091
0021884	7.9	57080
3748172	6.6	57056
0831887	4.8	57002
1014763	6.5	56996
0120053	6.2	56988
0099052	6.4	56979
1235124	6.3	56954
0111255	5.5	56952
0120324	7.5	56932
0317303	5.5	56889
0103241	7.0	56828
0421082	7.7	56805
0110989	5.3	56778
0284490	5.5	56775
0300556	5.6	56739
3168230	6.9	56721
0069762	7.9	56686
2359024	7.1	56673
0088993	7.2	56634
0482572	6.7	56575
0044741	8.3	56516
1562872	8.1	56504
1185416	5.6	56371
0472160	6.8	56352
0380389	6.7	56307
0369436	5.7	56244
1197628	5.8	56212
0098536	6.1	56199
0114436	4.7	56157
0112870	8.2	56077
0347304	8.0	56030
2574698	2.1	56026
0360201	6.3	56003
0800069	5.1	55990
0382628	5.6	55989
0101452	6.2	55983
0243017	7.8	55981
0388125	6.5	55966
0117887	6.9	55956
0450314	6.0	55899
0256009	7.5	55875
0864835	6.8	55824
2401878	7.3	55789
0049833	7.9	55782
0258153	6.1	55778
0938330	5.0	55755
3530002	6.4	55743
0327679	6.3	55719
0120913	6.6	55679
0492044	5.9	55649
0115751	7.9	55635
0093191	8.1	55628
0815241	7.7	55619
0080749	6.8	55542
0107211	5.9	55439
0166813	7.1	55400
0780511	7.1	55251
0397313	7.3	55250
3104988	7.1	55236
0110005	7.4	55178
0107943	7.9	55177
0401997	7.0	55160
0094332	6.5	55129
0356680	6.3	55110
0116683	6.7	55094
0264395	6.5	55086
2545118	8.1	55043
0097815	7.2	55032
0800308	6.7	54894
0327162	5.3	54876
0046911	8.1	54859
2390361	7.0	54855
1758692	6.7	54847
5742374	6.8	54843
0113957	5.9	54837
0086006	6.2	54798
0310775	7.7	54661
2083383	6.8	54661
0267626	6.7	54588
0817538	5.7	54587
0124298	6.6	54582
0476964	6.8	54574
1742334	5.7	54546
0333780	4.7	54541
0048728	7.5	54497
0119167	7.6	54430
1748179	6.2	54349
0190865	5.9	54334
0404030	7.5	54334
0805570	6.1	54330
1093357	4.9	54318
0427470	7.0	54317
0297284	6.4	54288
3332064	5.8	54240
2025690	6.8	54205
1783232	7.1	54200
1711525	5.8	54161
0120686	6.7	54116
1502407	7.0	54070
0466342	2.8	54000
0146336	5.5	53972
1322312	6.3	53901
0379217	7.1	53891
1232776	7.3	53879
0104231	6.6	53856
0119978	7.1	53814
1438254	6.5	53804
5294550	6.8	53792
1961175	6.2	53768
0111507	7.7	53754
0286788	5.9	53737
0062765	7.5	53731
0489049	6.6	53659
0120693	6.7	53505
0228786	6.9	53498
0089469	6.5	53489
1527788	7.8	53379
0491152	5.9	53326
0191397	6.5	53319
0368794	7.0	53272
3322420	8.3	53265
7668870	7.7	53248
0408345	5.8	53237
0109446	6.7	53208
0099365	6.4	53190
4633690	7.3	53152
0116231	8.3	53132
0206275	6.2	53123
0416508	7.1	53116
0390022	7.3	53107
0301470	5.6	53105
3606752	6.8	53099
0131857	6.6	53023
0088286	7.2	52993
0287717	5.1	52960
1424432	8.6	52951
0089686	5.4	52944
0466909	5.5	52944
0085407	7.2	52937
3348730	5.8	52923
1661382	6.4	52889
0489237	6.2	52859
1704573	6.8	52813
0431021	5.9	52785
0385700	7.3	52771
2265398	6.1	52737
1645080	6.6	52734
2356180	8.2	52731
0052561	8.1	52730
0036342	7.9	52707
0099422	6.1	52643
0962736	7.3	52629
0988047	7.0	52573
0427309	7.6	52565
0255798	4.8	52541
0758794	7.1	52520
0120770	6.2	52499
0428803	7.6	52489
0020629	8.1	52466
1116184	7.0	52464
0082348	7.4	52443
0118972	6.1	52363
0228750	6.2	52360
1193631	6.2	52315
1135084	6.2	52254
3850590	6.2	52240
0081633	7.0	52198
0814022	5.4	52167
3716530	7.2	52142
2226597	6.4	52111
0047528	8.1	52043
2058673	5.3	52030
0492956	6.2	52008
0349710	6.5	51923
0036868	8.1	51839
2105044	5.8	51834
0239395	5.1	51832
0098206	6.5	51826
0313443	6.5	51795
4686844	7.2	51794
0089175	7.1	51781
0113409	7.2	51776
0199753	5.7	51764
0047437	7.7	51733
0449089	5.5	51699
0111149	7.3	51651
0116669	5.8	51621
0265029	5.7	51567
0804522	6.8	51525
0443536	6.5	51501
1185616	8.0	51468
0116409	6.8	51467
0104868	6.5	51449
0023969	8.0	51415
0385267	6.5	51372
0070723	7.1	51366
0962726	4.7	51337
1606392	7.2	51299
0844479	6.4	51259
5247022	7.4	51217
0074860	7.5	51160
0266489	5.9	51141
0088933	6.7	51126
1222817	5.2	51119
0372824	7.9	51109
2234003	7.4	51066
0067800	7.5	51029
1032846	7.9	51016
0086197	7.9	50941
0480669	7.2	50914
4430212	8.3	50911
0253867	5.1	50897
2005374	6.4	50857
1075747	4.7	50850
0106387	7.2	50845
1313092	7.3	50815
1243974	5.4	50748
0076618	6.9	50723
0881320	5.9	50670
0083922	8.1	50638
1772240	5.2	50637
0111438	5.8	50593
0091530	7.5	50591
7668842	5.9	50580
0477139	7.3	50567
1029360	4.9	50560
0862467	6.1	50541
0109424	8.1	50534
0369735	5.5	50509
0218839	7.5	50494
1592873	4.4	50494
1800741	6.5	50451
0275491	7.5	50407
0089670	6.2	50403
0119874	5.9	50384
0327247	5.5	50366
0098382	5.4	50355
0091949	6.6	50316
0120731	8.1	50312
0049470	7.5	50257
0280609	6.8	50203
3647498	6.4	50192
1821480	8.2	50160
0119349	7.5	50151
0403358	6.5	50133
1226774	7.5	50042
0106701	5.5	50021
0029947	8.0	50006
0114787	8.1	49969
1439572	7.1	49950
1179891	5.5	49926
0146984	6.7	49902
1971325	6.1	49902
0146309	7.3	49894
1389096	6.5	49881
0070355	7.2	49858
0138304	5.3	49822
0397078	5.4	49819
1075417	5.7	49814
0185371	5.6	49768
0808506	7.8	49768
0403508	6.5	49703
0082418	6.1	49662
0218922	6.0	49647
1166100	7.3	49628
3014866	6.3	49605
1043726	4.2	49598
0787474	6.8	49596
0053221	8.0	49589
0099329	6.5	49552
1273235	5.1	49551
2387499	5.9	49443
0324554	7.0	49425
0365376	7.2	49418
0139414	5.7	49309
0060176	7.6	49308
1185834	5.9	49288
0116830	6.4	49233
1176740	7.1	49229
0092493	5.6	49142
0377062	6.1	49138
0097123	8.0	49134
0452598	5.5	49122
0203119	7.3	49075
0382992	5.0	49072
0042546	8.0	49045
0268995	6.9	49043
0261983	6.5	49002
1753383	7.0	48986
0096487	6.9	48946
0108002	7.5	48944
0278488	6.3	48871
0238546	5.3	48851
0402894	6.5	48693
0237572	6.8	48678
0765120	6.7	48665
0264935	6.1	48633
0103939	7.6	48607
0118849	8.3	48592
